date,open_price,highest_price,lowest_price,close_price,adjusted_close,volume,symbol
2023-01-03,122.82,126.37,122.28,124.74,124.74,35528531,META
2023-01-03,130.28,130.9,124.17,125.07,124.706364206119,112117471,AAPL
2023-01-03,85.46,86.96,84.205,85.82,85.82,76706040,AMZN
2023-01-03,89.83,91.55,89.02,89.7,89.7,20738457,GOOG
2023-01-03,243.08,245.75,237.4,239.58,238.460202703275,25740036,MSFT
2023-01-04,127.38,129.0498,125.85,127.37,127.37,32397094,META
2023-01-04,86.55,86.98,83.36,85.14,85.14,68885123,AMZN
2023-01-04,126.89,128.6557,125.08,126.36,125.992613585074,89113633,AAPL
2023-01-04,91.01,91.24,87.8,88.71,88.71,27046483,GOOG
2023-01-04,232.275,232.87,225.96,229.1,228.029186239754,50623394,MSFT
2023-01-05,85.33,85.42,83.07,83.12,83.12,67930825,AMZN
2023-01-05,88.07,88.21,86.56,86.77,86.77,23136084,GOOG
2023-01-05,127.13,127.77,124.76,125.02,124.656509579028,80962708,AAPL
2023-01-05,126.125,128.52,124.54,126.94,126.94,25447099,META
2023-01-05,227.2,227.55,221.7602,222.31,221.270922710431,39585623,MSFT
2023-01-06,223.0,225.7601,219.35,224.93,223.878676826312,43613574,MSFT
2023-01-06,128.97,130.33,126.04,130.02,130.02,27584498,META
2023-01-06,83.03,86.4,81.43,86.08,86.08,83303361,AMZN
2023-01-06,126.01,130.29,124.89,129.62,129.243135271425,87754715,AAPL
2023-01-06,87.36,88.47,85.57,88.16,88.16,26612628,GOOG
2023-01-09,130.465,133.41,129.89,130.15,129.771594318593,70790813,AAPL
2023-01-09,87.46,89.48,87.08,87.36,87.36,65266056,AMZN
2023-01-09,89.195,90.83,88.58,88.8,88.8,22996681,GOOG
2023-01-09,131.16,132.95,129.28,129.47,129.47,26649145,META
2023-01-09,226.45,231.2366,226.41,227.12,226.058440762868,27369784,MSFT
2023-01-10,86.72,89.475,86.7,89.24,89.24,22855590,GOOG
2023-01-10,127.27,133.44,127.15,132.99,132.99,28684431,META
2023-01-10,227.755,231.31,227.33,228.85,227.780354740148,27033881,MSFT
2023-01-10,130.26,131.2636,128.12,130.73,130.349907992851,63896155,AAPL
2023-01-10,87.57,90.185,87.29,89.87,89.87,67756601,AMZN
2023-01-11,90.06,92.45,89.74,92.26,92.26,25998844,GOOG
2023-01-11,231.29,235.95,231.11,235.77,234.668010649266,28669331,MSFT
2023-01-11,131.25,133.51,130.46,133.49,133.10188340829,69458949,AAPL
2023-01-11,130.96,133.8494,130.34,132.89,132.89,25423046,META
2023-01-11,90.93,95.26,90.93,95.09,95.09,103126183,AMZN
2023-01-12,96.93,97.19,93.5,95.27,95.27,85254781,AMZN
2023-01-12,133.88,134.26,131.44,133.41,133.022116004944,71379648,AAPL
2023-01-12,235.26,239.9,233.56,238.51,237.395203884958,27269486,MSFT
2023-01-12,133.44,137.6781,131.76,136.71,136.71,30757732,META
2023-01-12,92.4,92.62,90.57,91.91,91.91,22754216,GOOG
2023-01-13,94.18,98.37,94.12,98.12,98.12,85549432,AMZN
2023-01-13,132.03,134.92,131.66,134.76,134.368190936408,57809719,AAPL
2023-01-13,237.002,239.37,234.92,239.23,238.111838603826,21333265,MSFT
2023-01-13,134.97,137.39,134.835,136.98,136.98,22423839,META
2023-01-13,91.528,92.98,90.93,92.8,92.8,18630709,GOOG
2023-01-17,237.97,240.91,237.09,240.35,239.226603722065,29831257,MSFT
2023-01-17,136.176,136.75,134.25,135.36,135.36,21147587,META
2023-01-17,92.78,92.97,90.84,92.16,92.16,22935823,GOOG
2023-01-17,98.68,98.89,95.73,96.05,96.05,72755001,AMZN
2023-01-17,134.83,137.29,134.13,135.94,135.544760135762,63646627,AAPL
2023-01-18,241.565,242.38,235.52,235.81,234.707823689203,30028692,MSFT
2023-01-18,97.25,99.32,95.38,95.46,95.46,79570370,AMZN
2023-01-18,136.815,138.61,135.03,135.21,134.81688258023,69672800,AAPL
2023-01-18,135.81,137.25,132.8,133.02,133.02,20215486,META
2023-01-18,92.94,93.588,91.4,91.78,91.78,19641622,GOOG
2023-01-19,91.39,94.4,91.38,93.91,93.91,28707653,GOOG
2023-01-19,233.78,235.52,230.68,231.93,230.845958815304,28623033,MSFT
2023-01-19,134.08,136.25,133.77,135.27,134.876708132739,58280413,AAPL
2023-01-19,132.49,137.45,132.14,136.15,136.15,28625232,META
2023-01-19,94.74,95.44,92.86,93.68,93.68,69002663,AMZN
2023-01-20,135.89,139.94,134.61,139.37,139.37,28688630,META
2023-01-20,135.28,138.02,134.22,137.87,137.469148741486,80223626,AAPL
2023-01-20,93.86,97.354,93.2025,97.25,97.25,67481539,AMZN
2023-01-20,95.95,99.42,95.91,99.28,99.28,53704763,GOOG
2023-01-20,234.855,240.74,234.51,240.22,239.097211342269,35389809,MSFT
2023-01-23,97.56,97.78,95.86,97.52,97.52,76501103,AMZN
2023-01-23,138.12,143.315,137.9,141.11,140.699728577,81760313,AAPL
2023-01-23,241.1,245.165,239.65,242.58,241.446180698558,31933951,MSFT
2023-01-23,99.13,101.4,98.75,101.21,101.21,31791782,GOOG
2023-01-23,139.29,143.76,138.66,143.27,143.27,27470093,META
2023-01-24,96.93,98.09,96.0,96.32,96.32,66929452,AMZN
2023-01-24,140.305,143.16,140.3,142.53,142.115599986393,66435142,AAPL
2023-01-24,242.5,243.95,240.44,242.04,240.908704659407,40234444,MSFT
2023-01-24,99.55,101.09,98.7,99.21,99.21,27391372,GOOG
2023-01-24,141.69,145.0,141.36,143.14,143.14,21970190,META
2023-01-25,92.56,97.24,91.52,97.18,97.18,94261570,AMZN
2023-01-25,234.48,243.3,230.9,240.61,239.485388481656,66526641,MSFT
2023-01-25,97.2,97.72,95.262,96.73,96.73,31000850,GOOG
2023-01-25,140.89,142.43,138.81,141.86,141.44754798337,65799349,AAPL
2023-01-25,141.22,143.17,140.31,141.5,141.5,26622021,META
2023-01-26,243.65,248.31,242.0,248.0,246.840847610035,33454491,MSFT
2023-01-26,98.28,99.21,96.82,99.16,99.16,24542060,GOOG
2023-01-26,143.17,144.25,141.9,143.96,143.541442321203,54105068,AAPL
2023-01-26,144.4,147.51,143.3,147.3,147.3,25482084,META
2023-01-26,98.235,99.49,96.92,99.22,99.22,68523557,AMZN
2023-01-27,99.05,101.58,98.97,100.71,100.71,29020354,GOOG
2023-01-27,143.155,147.23,143.08,145.93,145.505714628599,70555843,AAPL
2023-01-27,148.237,153.19,147.39,151.74,151.74,35771865,META
2023-01-27,248.99,249.83,246.83,248.16,247.000099769784,26498939,MSFT
2023-01-27,99.53,103.485,99.53,102.24,102.24,87775614,AMZN
2023-01-30,101.09,101.74,99.01,100.55,100.55,70691860,AMZN
2023-01-30,98.745,99.4088,97.52,97.95,97.95,24365142,GOOG
2023-01-30,244.51,245.6,242.2,242.71,241.575573078354,25867365,MSFT
2023-01-30,144.955,145.55,142.85,143.0,142.584233481051,64015274,AAPL
2023-01-30,149.405,151.1233,146.95,147.06,147.06,28040100,META
2023-01-31,142.7,144.34,142.28,144.29,143.870482860006,65874459,AAPL
2023-01-31,243.45,247.95,242.945,247.81,246.651735670334,26541072,MSFT
2023-01-31,101.155,103.3484,101.14,103.13,103.13,66527253,AMZN
2023-01-31,97.86,99.91,97.79,99.87,99.87,22306778,GOOG
2023-01-31,147.95,149.88,147.52,148.97,148.97,29842109,META
2023-02-01,143.97,146.61,141.32,145.43,145.007168357687,77663633,AAPL
2023-02-01,148.03,153.58,147.06,153.12,153.12,55661017,META
2023-02-01,248.0,255.18,245.47,252.75,251.568646102566,31259912,MSFT
2023-02-01,102.53,106.24,101.24,105.15,105.15,80450121,AMZN
2023-02-01,99.74,102.1899,98.42,101.43,101.43,26392568,GOOG
2023-02-02,106.79,108.82,106.54,108.8,108.8,46622627,GOOG
2023-02-02,183.38,197.16,180.16,188.77,188.77,150475687,META
2023-02-02,148.9,151.18,148.17,150.82,150.381497158126,118338980,AAPL
2023-02-02,110.245,114.0,108.88,112.91,112.91,158154243,AMZN
2023-02-02,258.82,264.69,257.25,264.6,263.363259183933,39940437,MSFT
2023-02-03,103.51,108.02,103.3,105.22,105.22,36823421,GOOG
2023-02-03,148.03,157.38,147.83,154.5,154.050797712044,154357337,AAPL
2023-02-03,105.26,108.78,102.52,103.39,103.39,144374828,AMZN
2023-02-03,259.542,264.2,257.1,258.35,257.142471693761,29077256,MSFT
2023-02-03,183.465,196.77,182.89,186.53,186.53,76809701,META
2023-02-06,186.53,190.7,185.5156,186.06,186.06,42483811,META
2023-02-06,102.685,104.7,102.21,103.47,103.47,25573046,GOOG
2023-02-06,152.575,153.1,150.78,151.73,151.288851371187,69858306,AAPL
2023-02-06,257.44,258.3,254.78,256.77,255.569856616245,22517997,MSFT
2023-02-06,102.925,103.9484,100.65,102.18,102.18,81945199,AMZN
2023-02-07,260.53,268.775,260.08,267.56,266.309424139278,50841365,MSFT
2023-02-07,150.64,155.23,150.64,154.65,154.200361593318,83322551,AAPL
2023-02-07,103.63,108.67,103.5475,108.04,108.04,33738828,GOOG
2023-02-07,101.17,102.41,98.08,102.11,102.11,119501301,AMZN
2023-02-07,185.575,193.7799,184.4,191.62,191.62,47080662,META
2023-02-08,102.69,103.58,98.455,100.0,100.0,73546029,GOOG
2023-02-08,102.04,102.6699,98.775,100.05,100.05,75878304,AMZN
2023-02-08,153.88,154.58,151.168,151.92,151.478298954134,64120079,AAPL
2023-02-08,190.0,190.83,182.92,183.43,183.43,36139074,META
2023-02-08,273.2,276.76,266.21,266.73,265.483303560584,54686049,MSFT
2023-02-09,100.54,100.61,93.86,95.46,95.46,97798573,GOOG
2023-02-09,186.13,186.65,177.27,177.92,177.92,37118811,META
2023-02-09,101.32,101.78,97.57,98.24,98.24,64622489,AMZN
2023-02-09,153.775,154.33,150.42,150.87,150.431351785218,56007143,AAPL
2023-02-09,273.8,273.98,262.8,263.62,262.387839705474,42375102,MSFT
2023-02-10,149.46,151.3401,149.22,151.01,150.800276025693,57450708,AAPL
2023-02-10,95.74,97.02,94.53,94.86,94.86,49325275,GOOG
2023-02-10,97.56,98.8163,96.23,97.61,97.61,52740133,AMZN
2023-02-10,261.53,264.09,260.662,263.1,261.870270186292,25818489,MSFT
2023-02-10,176.3534,178.89,173.35,174.15,174.15,33433567,META
2023-02-13,97.85,99.68,96.91,99.54,99.54,52841464,AMZN
2023-02-13,267.64,274.6,267.15,271.32,270.051849893366,44630921,MSFT
2023-02-13,95.01,95.35,94.05,95.0,95.0,43116559,GOOG
2023-02-13,150.952,154.26,150.92,153.85,153.636331809502,62199013,AAPL
2023-02-13,178.215,181.0,175.82,179.43,179.43,31463223,META
2023-02-14,94.66,95.175,92.65,94.95,94.95,42513079,GOOG
2023-02-14,272.67,274.97,269.28,272.17,270.89787699203,37047924,MSFT
2023-02-14,98.41,100.9207,97.52,99.7,99.7,56202898,AMZN
2023-02-14,152.12,153.77,150.86,153.2,152.987234535038,61707573,AAPL
2023-02-14,177.16,181.5064,175.88,179.48,179.48,24034631,META
2023-02-15,153.11,155.5,152.88,155.33,155.114276372895,65669252,AAPL
2023-02-15,176.415,178.19,175.33,177.16,177.16,25337966,META
2023-02-15,94.74,97.34,94.36,97.1,97.1,37029885,GOOG
2023-02-15,268.32,270.73,266.18,269.32,268.738019575442,28962163,MSFT
2023-02-15,99.09,101.17,98.45,101.16,101.16,48053879,AMZN
2023-02-16,172.75,175.85,171.79,172.44,172.44,25827473,META
2023-02-16,95.54,97.88,94.97,95.78,95.78,35642106,GOOG
2023-02-16,99.21,100.63,98.1,98.15,98.15,56339173,AMZN
2023-02-16,264.02,266.74,261.9,262.15,261.583513410449,29603616,MSFT
2023-02-16,153.51,156.33,153.3475,153.71,153.496526242694,68167942,AAPL
2023-02-17,170.22,173.18,169.7,172.88,172.88,24171260,META
2023-02-17,95.07,95.75,93.45,94.59,94.59,31095067,GOOG
2023-02-17,97.8,97.94,95.65,97.2,97.2,60029405,AMZN
2023-02-17,152.35,153.0,150.85,152.55,152.338137260575,59144118,AAPL
2023-02-17,259.39,260.09,256.0,258.06,257.502351595271,30000055,MSFT
2023-02-21,150.2,151.3,148.405,148.48,148.273789711244,58867230,AAPL
2023-02-21,174.31,178.17,171.88,172.08,172.08,34592582,META
2023-02-21,95.335,95.605,94.27,94.58,94.58,56580360,AMZN
2023-02-21,93.24,93.4149,92.0,92.05,92.05,28367198,GOOG
2023-02-21,254.48,255.49,251.59,252.67,252.123998983094,28397444,MSFT
2023-02-22,91.934,92.36,90.87,91.8,91.8,29891135,GOOG
2023-02-22,254.09,254.34,250.34,251.51,250.96650565654,22491056,MSFT
2023-02-22,95.1,97.01,94.8,95.79,95.79,59534094,AMZN
2023-02-22,148.87,149.95,147.16,148.91,148.703192523581,51011305,AAPL
2023-02-22,171.07,172.755,169.69,171.12,171.12,22433158,META
2023-02-23,92.13,92.13,90.01,91.07,91.07,32423720,GOOG
2023-02-23,150.09,150.34,147.24,149.4,149.192512007407,48394249,AAPL
2023-02-23,255.56,256.84,250.48,254.77,254.219461039786,29219095,MSFT
2023-02-23,96.12,96.43,93.67,95.82,95.82,48466994,AMZN
2023-02-23,172.0,173.69,169.38,172.04,172.04,20017779,META
2023-02-24,168.64,170.72,167.66,170.39,170.39,19791334,META
2023-02-24,249.96,251.0,248.1,249.22,248.681454175671,24990905,MSFT
2023-02-24,89.63,90.13,88.86,89.35,89.35,31295619,GOOG
2023-02-24,147.11,147.19,145.7202,146.71,146.50624790232,55469606,AAPL
2023-02-24,93.53,94.14,92.3186,93.5,93.5,57053812,AMZN
2023-02-27,171.875,173.12,169.06,169.54,169.54,19277002,META
2023-02-27,90.09,90.4499,89.61,90.1,90.1,22724262,GOOG
2023-02-27,147.71,149.17,147.45,147.92,147.714567444014,44998470,AAPL
2023-02-27,94.28,94.78,93.14,93.76,93.76,47470321,AMZN
2023-02-27,252.46,252.82,249.39,250.16,249.619422905809,21190042,MSFT
2023-02-28,147.05,149.08,146.83,147.41,147.205275736358,50546998,AAPL
2023-02-28,249.07,251.49,248.73,249.42,248.881021990594,22490950,MSFT
2023-02-28,171.9,177.55,171.87,174.94,174.94,46051117,META
2023-02-28,93.14,94.69,92.92,94.23,94.23,43959290,AMZN
2023-02-28,89.54,91.45,89.52,90.3,90.3,30546912,GOOG
2023-03-01,93.87,94.68,91.59,92.17,92.17,52299524,AMZN
2023-03-01,250.76,250.93,245.79,246.27,245.737828905555,27565259,MSFT
2023-03-01,146.83,147.2285,145.01,145.31,145.108192234246,55478991,AAPL
2023-03-01,174.59,177.85,173.05,173.42,173.42,30998380,META
2023-03-01,90.16,91.2,89.85,90.51,90.51,26323876,GOOG
2023-03-02,246.55,251.4,245.61,251.11,250.567370026694,24833646,MSFT
2023-03-02,91.41,92.23,90.39,92.13,92.13,55574820,AMZN
2023-03-02,89.86,92.48,89.77,92.31,92.31,23344562,GOOG
2023-03-02,172.38,175.01,171.43,174.53,174.53,17360708,META
2023-03-02,144.38,146.71,143.9,145.91,145.707358949135,52279761,AAPL
2023-03-03,92.74,94.11,92.66,94.02,94.02,30242538,GOOG
2023-03-03,178.92,186.62,177.05,185.25,185.25,45877692,META
2023-03-03,148.045,151.11,147.33,151.03,150.820248249523,70732297,AAPL
2023-03-03,92.74,94.94,92.66,94.9,94.9,55759609,AMZN
2023-03-03,252.19,255.62,251.39,255.29,254.738337358586,30760136,MSFT
2023-03-06,188.0,189.66,184.64,184.9,184.9,33209394,META
2023-03-06,94.36,96.3,94.3,95.58,95.58,28288206,GOOG
2023-03-06,153.785,156.3,153.46,153.83,153.616359585672,87558028,AAPL
2023-03-06,95.19,96.545,93.74,93.75,93.75,52112355,AMZN
2023-03-06,256.425,260.12,255.98,256.87,256.314923096479,24109849,MSFT
2023-03-07,153.7,154.0299,151.13,151.6,151.389456628667,56182028,AAPL
2023-03-07,95.42,96.09,93.8443,94.17,94.17,24101536,GOOG
2023-03-07,189.0,190.36,184.01,184.51,184.51,36701495,META
2023-03-07,256.3,257.69,253.39,254.15,253.600800813525,21473179,MSFT
2023-03-07,94.06,95.09,92.78,93.55,93.55,49100668,AMZN
2023-03-08,94.405,96.24,94.405,94.65,94.65,25395200,GOOG
2023-03-08,182.87,185.26,181.34,184.97,184.97,19432405,META
2023-03-08,152.81,153.47,151.83,152.87,152.657692841849,47204791,AAPL
2023-03-08,254.04,254.5417,250.81,253.7,253.151773229948,17340217,MSFT
2023-03-08,93.6,94.165,92.18,93.92,93.92,44899128,AMZN
2023-03-09,255.82,259.56,251.58,252.32,251.774755306979,26653387,MSFT
2023-03-09,93.68,96.21,92.18,92.25,92.25,56218705,AMZN
2023-03-09,94.49,95.92,92.355,92.66,92.66,24438890,GOOG
2023-03-09,153.559,154.535,150.225,150.59,150.380859325271,53833582,AAPL
2023-03-09,186.35,188.93,180.3,181.69,181.69,26582750,META
2023-03-10,181.01,184.77,178.8,179.51,179.51,25665032,META
2023-03-10,92.5,93.18,90.8,91.01,91.01,32850092,GOOG
2023-03-10,251.08,252.79,247.6,248.59,248.052815558663,28333930,MSFT
2023-03-10,150.21,150.94,147.6096,148.5,148.293761935073,68572400,AAPL
2023-03-10,92.67,93.57,90.245,90.73,90.73,69827490,AMZN
2023-03-13,90.565,93.08,89.94,91.66,91.66,31508570,GOOG
2023-03-13,89.97,94.02,88.12,92.43,92.43,72397053,AMZN
2023-03-13,177.96,183.78,174.82,180.9,180.9,24727969,META
2023-03-13,147.805,153.14,147.7,150.47,150.261025982293,84457122,AAPL
2023-03-13,247.4,257.91,245.73,253.92,253.371297826363,33339721,MSFT
2023-03-14,187.58,194.32,186.56,194.02,194.02,41642627,META
2023-03-14,151.28,153.4,150.1,152.59,152.378081708234,73695893,AAPL
2023-03-14,93.83,95.07,92.71,94.88,94.88,60912674,AMZN
2023-03-14,93.07,94.83,92.78,94.25,94.25,32303881,GOOG
2023-03-14,256.75,261.07,255.86,260.79,260.226452268972,33620293,MSFT
2023-03-15,259.98,266.48,259.21,265.44,264.866403965934,46028047,MSFT
2023-03-15,192.95,197.78,190.8351,197.75,197.75,42123552,META
2023-03-15,93.22,96.67,93.07,96.2,96.2,70731792,AMZN
2023-03-15,93.54,97.25,93.04,96.55,96.55,38367334,GOOG
2023-03-15,151.19,153.245,149.92,152.99,152.777526184827,77167866,AAPL
2023-03-16,96.57,101.97,95.87,101.07,101.07,54588200,GOOG
2023-03-16,95.75,100.99,95.61,100.04,100.04,84558934,AMZN
2023-03-16,265.205,276.56,263.28,276.2,275.603152408796,54832140,MSFT
2023-03-16,198.26,205.76,196.0886,204.93,204.93,50819659,META
2023-03-16,152.16,156.46,151.64,155.85,155.633554192466,76254419,AAPL
2023-03-17,200.56,201.9,195.4304,195.61,195.61,50141098,META
2023-03-17,100.84,103.49,100.75,102.46,102.46,76140310,GOOG
2023-03-17,99.79,100.66,97.455,98.95,98.95,87300242,AMZN
2023-03-17,278.26,283.33,276.3201,279.43,278.826172619804,69527371,MSFT
2023-03-17,156.08,156.74,154.28,155.0,154.784734679706,98944633,AAPL
2023-03-20,101.06,102.58,100.79,101.93,101.93,26033916,GOOG
2023-03-20,155.07,157.82,154.15,157.4,157.181401539263,73641415,AAPL
2023-03-20,276.98,277.48,269.85,272.23,271.641731282573,43466649,MSFT
2023-03-20,198.48,199.36,193.64,197.81,197.81,25186315,META
2023-03-20,98.41,98.48,95.7,97.71,97.71,62388911,AMZN
2023-03-21,274.88,275.0,269.5191,273.78,273.188381848227,34558704,MSFT
2023-03-21,157.32,159.4,156.54,159.28,159.058790579249,73938285,AAPL
2023-03-21,101.98,105.96,101.86,105.84,105.84,33122800,GOOG
2023-03-21,203.2,203.55,197.95,202.16,202.16,31826952,META
2023-03-21,98.14,100.845,98.0,100.61,100.61,58597275,AMZN
2023-03-22,105.14,107.51,104.21,104.22,104.22,32336877,GOOG
2023-03-22,159.3,162.14,157.81,157.83,157.6108043516,75701811,AAPL
2023-03-22,273.4,281.04,272.18,272.29,271.70160162705,34873330,MSFT
2023-03-22,202.5,207.37,199.67,199.81,199.81,28477759,META
2023-03-22,100.45,102.1,98.61,98.7,98.7,57475365,AMZN
2023-03-23,105.89,107.1009,105.41,106.26,106.26,31385817,GOOG
2023-03-23,158.83,161.5501,157.68,158.93,158.70927666223,67622060,AAPL
2023-03-23,202.84,207.88,202.15,204.28,204.28,27389669,META
2023-03-23,100.43,101.06,97.62,98.71,98.71,57559310,AMZN
2023-03-23,277.94,281.06,275.2,277.66,277.059997457735,36610879,MSFT
2023-03-24,158.86,160.34,157.85,160.25,160.027443434986,59256343,AAPL
2023-03-24,205.18,207.58,203.55,206.01,206.01,27733042,META
2023-03-24,98.065,98.3,96.4,98.13,98.13,56144801,AMZN
2023-03-24,277.24,280.63,275.28,280.57,279.963709164866,28199962,MSFT
2023-03-24,105.74,106.16,104.74,106.06,106.06,25245010,GOOG
2023-03-27,159.94,160.77,157.87,158.28,158.060179387767,52390266,AAPL
2023-03-27,204.81,205.86,201.36,202.84,202.84,18527184,META
2023-03-27,105.32,105.4,102.63,103.06,103.06,25393417,GOOG
2023-03-27,99.07,99.34,97.08,98.04,98.04,46721296,AMZN
2023-03-27,280.5,281.4589,275.52,276.38,275.782763442227,26840212,MSFT
2023-03-28,200.15,201.03,197.9,200.68,200.68,19127295,META
2023-03-28,98.11,98.44,96.29,97.24,97.24,38720050,AMZN
2023-03-28,103.0,103.0,100.28,101.36,101.36,24913480,GOOG
2023-03-28,157.97,158.49,155.98,157.65,157.431054337133,45992152,AAPL
2023-03-28,275.79,276.14,272.0451,275.23,274.635248506419,21878647,MSFT
2023-03-29,159.37,161.05,159.35,160.77,160.546721254557,51305691,AAPL
2023-03-29,102.72,102.82,101.03,101.9,101.9,26148300,GOOG
2023-03-29,98.69,100.4218,98.56,100.25,100.25,49783279,AMZN
2023-03-29,278.96,281.1398,278.41,280.51,279.903838820389,25087032,MSFT
2023-03-29,203.56,205.72,202.5355,205.35,205.35,18851137,META
2023-03-30,101.44,101.61,100.29,101.32,101.32,25009829,GOOG
2023-03-30,101.55,103.04,101.01,102.0,102.0,53633398,AMZN
2023-03-30,284.23,284.46,281.48,284.05,283.436189144528,25053410,MSFT
2023-03-30,161.53,162.47,161.271,162.36,162.134513049013,49501689,AAPL
2023-03-30,203.38,208.09,202.82,207.84,207.84,22608303,META
2023-03-31,283.73,289.27,283.0,288.3,287.677005211644,32765976,MSFT
2023-03-31,102.16,103.49,101.95,103.29,103.29,56750317,AMZN
2023-03-31,101.71,104.19,101.44,104.0,104.0,28107953,GOOG
2023-03-31,207.24,212.17,206.77,211.94,211.94,25440273,META
2023-03-31,162.44,165.0,161.91,164.9,164.670985475378,68749792,AAPL
2023-04-03,286.52,288.27,283.95,287.23,286.609317401805,24883342,MSFT
2023-04-03,102.3,103.29,101.43,102.41,102.41,41135733,AMZN
2023-04-03,164.27,166.29,164.22,166.17,165.93922168856,56976187,AAPL
2023-04-03,102.67,104.95,102.38,104.91,104.91,20719861,GOOG
2023-04-03,208.84,213.4861,208.2,213.07,213.07,17924613,META
2023-04-04,166.595,166.84,165.11,165.63,165.399971645159,46278295,AAPL
2023-04-04,102.75,104.2,102.11,103.95,103.95,48662496,AMZN
2023-04-04,104.84,106.1,104.6,105.12,105.12,20377231,GOOG
2023-04-04,287.23,290.4499,285.67,287.18,286.559425448074,25824299,MSFT
2023-04-04,213.39,216.24,212.54,214.72,214.72,21026367,META
2023-04-05,106.12,106.54,104.1021,104.95,104.95,21864200,GOOG
2023-04-05,103.91,103.91,100.7506,101.1,101.1,45175393,AMZN
2023-04-05,214.15,215.19,209.94,211.48,211.48,19396630,META
2023-04-05,164.74,165.05,161.8,163.76,163.532568717088,51511744,AAPL
2023-04-05,285.85,287.15,282.92,284.34,283.725562476166,22064770,MSFT
2023-04-06,209.25,216.94,208.65,216.1,216.1,26104411,META
2023-04-06,105.77,109.63,104.815,108.9,108.9,34684150,GOOG
2023-04-06,283.21,292.08,282.03,291.6,290.969874157875,29770334,MSFT
2023-04-06,162.43,164.9584,162.0,164.66,164.431318789422,45390123,AAPL
2023-04-06,100.75,102.3817,99.8008,102.06,102.06,43808020,AMZN
2023-04-10,214.71,215.66,210.66,214.75,214.75,16106074,META
2023-04-10,161.42,162.03,160.08,162.03,161.804971355824,47716882,AAPL
2023-04-10,100.96,102.2,99.57,102.17,102.17,37261185,AMZN
2023-04-10,107.39,107.97,105.6,106.95,106.95,19741517,GOOG
2023-04-10,289.208,289.6,284.71,289.39,288.764649802974,23102994,MSFT
2023-04-11,215.48,216.02,213.41,213.85,213.85,16710101,META
2023-04-11,106.92,107.22,105.28,106.12,106.12,18721278,GOOG
2023-04-11,285.75,285.98,281.64,282.83,282.218825473497,27276589,MSFT
2023-04-11,162.35,162.36,160.51,160.8,160.576679590301,47644217,AAPL
2023-04-11,100.8,101.0,99.01,99.92,99.92,60417847,AMZN
2023-04-12,161.22,162.06,159.78,160.1,159.877651756264,50133062,AAPL
2023-04-12,107.39,107.5874,104.97,105.22,105.22,22761569,GOOG
2023-04-12,100.4,100.51,97.705,97.83,97.83,56735007,AMZN
2023-04-12,284.79,287.01,281.96,283.49,282.877399262743,27403432,MSFT
2023-04-12,214.835,216.84,212.584,214.0,214.0,18972172,META
2023-04-13,161.63,165.8,161.42,165.56,165.330068861756,68445649,AAPL
2023-04-13,106.47,108.265,106.44,108.19,108.19,21650747,GOOG
2023-04-13,283.59,289.9,283.17,289.84,289.213677386551,24222678,MSFT
2023-04-13,98.95,102.57,98.71,102.4,102.4,67925138,AMZN
2023-04-13,215.73,221.15,215.69,220.35,220.35,23310357,META
2023-04-14,164.59,166.32,163.82,165.21,164.980554944737,49386480,AAPL
2023-04-14,102.07,103.2013,101.11,102.51,102.51,51450522,AMZN
2023-04-14,217.88,222.11,217.55,221.49,221.49,21591207,META
2023-04-14,107.69,109.58,107.59,109.46,109.46,20758686,GOOG
2023-04-14,287.0,288.48,283.69,286.14,285.521672810474,20987917,MSFT
2023-04-17,289.93,291.6,286.16,288.8,288.175924748951,23791151,MSFT
2023-04-17,103.16,103.73,101.59,102.74,102.74,39791535,AMZN
2023-04-17,105.43,106.71,105.32,106.42,106.42,28978949,GOOG
2023-04-17,165.09,165.39,164.03,165.23,165.000527168567,40713618,AAPL
2023-04-17,219.79,220.979,217.13,218.86,218.86,15411724,META
2023-04-18,291.57,291.755,287.01,288.37,287.746853946867,20161845,MSFT
2023-04-18,166.1,167.41,165.65,166.47,166.238805046004,49923008,AAPL
2023-04-18,103.95,104.2,101.52,102.3,102.3,39790518,AMZN
2023-04-18,107.0,107.05,104.78,105.12,105.12,17641369,GOOG
2023-04-18,219.91,220.44,216.21,217.89,217.89,12280984,META
2023-04-19,213.472,217.33,212.93,215.7,215.7,15898078,META
2023-04-19,104.215,105.725,103.8,105.02,105.02,16732016,GOOG
2023-04-19,285.99,289.05,284.54,288.45,287.826681072836,17150271,MSFT
2023-04-19,165.8,168.16,165.54,167.63,167.397194028123,47720166,AAPL
2023-04-19,101.58,105.12,101.39,104.3,104.3,58398890,AMZN
2023-04-20,285.25,289.03,285.08,286.11,285.491737638236,23244363,MSFT
2023-04-20,103.53,105.25,103.21,103.81,103.81,57696866,AMZN
2023-04-20,213.48,216.75,212.77,213.07,213.07,16475443,META
2023-04-20,104.65,106.8875,104.64,105.9,105.9,22515331,GOOG
2023-04-20,166.09,167.87,165.56,166.65,166.418555060471,52456377,AAPL
2023-04-21,165.05,166.4521,164.49,165.02,164.790818818355,58337341,AAPL
2023-04-21,106.09,106.64,105.485,105.91,105.91,22379018,GOOG
2023-04-21,210.21,213.41,209.58,212.89,212.89,17717166,META
2023-04-21,106.1,108.15,105.08,106.96,106.96,86774185,AMZN
2023-04-21,285.01,286.27,283.0608,285.76,285.14249396212,21676387,MSFT
2023-04-24,213.675,213.92,210.71,212.79,212.79,15750920,META
2023-04-24,165.0,165.6,163.89,165.33,165.100388287715,41949581,AAPL
2023-04-24,107.655,109.23,105.07,106.21,106.21,69575610,AMZN
2023-04-24,106.05,107.32,105.36,106.78,106.78,21410908,GOOG
2023-04-24,282.09,284.95,278.72,281.77,281.161116054404,26611014,MSFT
2023-04-25,279.51,281.6,275.37,275.42,274.824837930596,45772236,MSFT
2023-04-25,165.19,166.305,163.73,163.77,163.542554829003,48714063,AAPL
2023-04-25,106.61,107.44,104.56,104.61,104.61,31408119,GOOG
2023-04-25,210.815,211.26,207.13,207.55,207.55,19198175,META
2023-04-25,104.91,105.45,102.45,102.57,102.57,65026818,AMZN
2023-04-26,105.56,107.02,103.27,104.45,104.45,36630202,GOOG
2023-04-26,296.7,299.57,292.73,295.37,294.731727469175,64481117,MSFT
2023-04-26,105.04,106.62,104.1,104.98,104.98,71821215,AMZN
2023-04-26,163.055,165.28,162.8,163.76,163.532568717088,44105745,AAPL
2023-04-26,212.5,214.11,208.88,209.4,209.4,35185227,META
2023-04-27,105.23,109.15,104.42,108.37,108.37,38235220,GOOG
2023-04-27,165.19,168.56,165.19,168.41,168.176110757479,64902329,AAPL
2023-04-27,295.97,305.2,295.25,304.83,304.171285115037,46462638,MSFT
2023-04-27,239.89,241.685,236.77,238.56,238.56,71196531,META
2023-04-27,108.16,110.86,106.8,109.82,109.82,149961167,AMZN
2023-04-28,107.8,108.29,106.04,108.22,108.22,23957872,GOOG
2023-04-28,239.01,240.43,235.75,240.32,240.32,39554036,META
2023-04-28,168.49,169.85,167.8801,169.68,169.444346970661,55275851,AAPL
2023-04-28,107.73,109.48,104.33,105.45,105.45,130715946,AMZN
2023-04-28,304.01,308.93,303.31,307.26,306.596034066353,36469613,MSFT
2023-05-01,107.72,108.68,107.5,107.71,107.71,20926259,GOOG
2023-05-01,104.95,105.23,101.82,102.05,102.05,74728096,AMZN
2023-05-01,306.97,308.6,305.15,305.56,304.899707639507,21294115,MSFT
2023-05-01,238.615,244.0,236.46,243.18,243.18,29143912,META
2023-05-01,169.28,170.45,168.64,169.59,169.354471963428,52472936,AAPL
2023-05-02,107.66,107.73,104.5,105.98,105.98,20343116,GOOG
2023-05-02,170.09,170.35,167.54,168.54,168.305930212372,48425696,AAPL
2023-05-02,307.76,309.18,303.91,305.41,304.750031778315,26404431,MSFT
2023-05-02,243.18,244.92,238.99,239.24,239.24,24350149,META
2023-05-02,101.47,103.9,101.15,103.63,103.63,73469350,AMZN
2023-05-03,103.735,105.96,103.28,103.65,103.65,65051925,AMZN
2023-05-03,169.5,170.92,167.16,167.45,167.217444013657,65136018,AAPL
2023-05-03,239.47,241.75,232.75,237.03,237.03,34463859,META
2023-05-03,306.62,308.61,304.09,304.4,303.742214312953,22360754,MSFT
2023-05-03,106.22,108.13,105.62,106.12,106.12,17116333,GOOG
2023-05-04,164.89,167.04,164.31,165.79,165.559749435797,81235427,AAPL
2023-05-04,306.24,307.7626,303.4,305.41,304.750031778315,22519907,MSFT
2023-05-04,236.06,238.2,232.9264,233.52,233.52,17889391,META
2023-05-04,104.04,105.39,103.3117,104.0,104.0,45345523,AMZN
2023-05-04,106.16,106.3,104.7,105.21,105.21,19780637,GOOG
2023-05-05,305.72,311.97,304.27,310.65,309.9787085293,28197052,MSFT
2023-05-05,104.27,105.76,103.55,105.655,105.655,56951744,AMZN
2023-05-05,232.24,234.68,229.85,232.78,232.78,27000480,META
2023-05-05,170.975,174.3,170.76,173.57,173.328944505526,113453171,AAPL
2023-05-05,105.32,106.44,104.7386,106.215,106.215,20710627,GOOG
2023-05-08,310.13,310.2,306.09,308.65,307.983030380069,21318613,MSFT
2023-05-08,231.415,235.62,230.27,233.27,233.27,16400526,META
2023-05-08,172.48,173.85,172.11,173.5,173.259041722123,55962793,AAPL
2023-05-08,105.04,106.095,104.7001,105.83,105.83,49430909,AMZN
2023-05-08,105.795,108.42,105.79,108.24,108.24,17266021,GOOG
2023-05-09,108.78,110.595,107.725,107.94,107.94,24782442,GOOG
2023-05-09,308.0,310.04,306.31,307.0,306.336595906953,21340829,MSFT
2023-05-09,173.05,173.54,171.6,171.77,171.531444360859,45326874,AAPL
2023-05-09,231.46,235.88,231.08,233.37,233.37,16865587,META
2023-05-09,105.48,106.79,105.1567,106.62,106.62,44089359,AMZN
2023-05-10,173.02,174.03,171.9,173.555,173.313965337654,53724501,AAPL
2023-05-10,236.17,236.75,230.72,233.08,233.08,19119007,META
2023-05-10,308.62,313.0,307.67,312.31,311.635121393161,30078044,MSFT
2023-05-10,108.1,110.67,108.05,110.19,110.19,78627616,AMZN
2023-05-10,108.55,113.51,108.48,112.28,112.28,47533463,GOOG
2023-05-11,115.86,118.44,114.9301,116.9,116.9,57115075,GOOG
2023-05-11,173.85,174.59,172.17,173.75,173.508694519993,49514676,AAPL
2023-05-11,111.03,113.28,110.49,112.18,112.18,74924841,AMZN
2023-05-11,310.1,311.12,306.2601,310.11,309.439875429007,31680179,MSFT
2023-05-11,233.05,238.21,232.3,235.79,235.79,20448991,META
2023-05-12,173.62,174.06,171.0,172.57,172.57,45533138,AAPL
2023-05-12,117.0,118.26,116.55,117.92,117.92,31293778,GOOG
2023-05-12,236.74,236.9599,231.45,233.81,233.81,16161447,META
2023-05-12,112.16,112.64,109.3185,110.26,110.26,49852671,AMZN
2023-05-12,310.55,310.65,306.6,308.97,308.302338883946,19774696,MSFT
2023-05-15,173.16,173.21,171.47,172.07,172.07,37266659,AAPL
2023-05-15,236.92,240.255,235.33,238.86,238.86,20653229,META
2023-05-15,309.095,309.905,307.59,309.46,308.791280030507,16336547,MSFT
2023-05-15,111.15,112.29,109.25,111.2,111.2,53011145,AMZN
2023-05-15,116.49,118.795,116.48,116.96,116.96,22107865,GOOG
2023-05-16,309.83,313.71,309.83,311.74,311.06635312063,26730347,MSFT
2023-05-16,171.99,173.1383,171.7991,172.07,172.07,42110293,AAPL
2023-05-16,111.05,114.7899,111.05,113.4,113.4,71472908,AMZN
2023-05-16,235.79,239.635,235.52,238.82,238.82,18163772,META
2023-05-16,116.83,121.2,116.83,120.09,120.09,32370113,GOOG
2023-05-17,171.71,172.925,170.4201,172.69,172.69,57951604,AAPL
2023-05-17,312.29,314.43,310.74,314.0,314.0,24315012,MSFT
2023-05-17,238.45,243.8423,238.14,242.485,242.485,21193080,META
2023-05-17,114.89,115.83,114.22,115.5,115.5,65655177,AMZN
2023-05-17,120.18,122.28,119.46,121.48,121.48,26659564,GOOG
2023-05-18,314.53,319.04,313.72,318.52,318.52,27275991,MSFT
2023-05-18,241.3,247.0881,241.19,246.85,246.85,22943297,META
2023-05-18,173.0,175.24,172.58,175.05,175.05,65496657,AAPL
2023-05-18,116.69,118.6,116.335,118.15,118.15,73174087,AMZN
2023-05-18,121.56,123.9,121.49,123.52,123.52,27014468,GOOG
2023-05-19,118.16,118.31,115.7,116.25,116.25,55056307,AMZN
2023-05-19,247.47,248.69,243.41,245.64,245.64,21733581,META
2023-05-19,316.74,318.75,316.37,318.34,318.34,27546701,MSFT
2023-05-19,176.39,176.39,174.94,175.16,175.16,55809475,AAPL
2023-05-19,124.2,126.479,122.72,123.25,123.25,30268864,GOOG
2023-05-22,173.98,174.71,173.45,174.2,174.2,43570932,AAPL
2023-05-22,116.77,116.77,114.25,115.01,115.01,70741123,AMZN
2023-05-22,123.51,127.05,123.45,125.87,125.87,29760236,GOOG
2023-05-22,318.6,322.59,318.01,321.18,321.18,24115664,MSFT
2023-05-22,245.41,253.57,245.12,248.32,248.32,27738479,META
2023-05-23,124.93,125.42,123.05,123.29,123.29,24477945,GOOG
2023-05-23,246.81,251.61,246.65,246.74,246.74,17748115,META
2023-05-23,320.03,322.72,315.25,315.26,315.26,30797173,MSFT
2023-05-23,173.13,173.3794,171.275,171.56,171.56,50747263,AAPL
2023-05-23,114.27,117.14,113.78,114.99,114.99,67576262,AMZN
2023-05-24,121.88,122.7499,120.75,121.64,121.64,23087925,GOOG
2023-05-24,245.28,249.5892,244.952,249.21,249.21,17724338,META
2023-05-24,171.09,172.4183,170.52,171.84,171.84,45143488,AAPL
2023-05-24,314.73,316.5,312.61,313.85,313.85,23384887,MSFT
2023-05-24,115.35,117.34,115.02,116.75,116.75,63487938,AMZN
2023-05-25,172.41,173.895,171.69,172.99,172.99,56058258,AAPL
2023-05-25,125.21,125.98,122.9,124.35,124.35,33812730,GOOG
2023-05-25,253.4,255.62,249.17,252.69,252.69,22371435,META
2023-05-25,116.63,116.87,114.31,115.0,115.0,66496681,AMZN
2023-05-25,323.24,326.9,320.0,325.92,325.92,43301743,MSFT
2023-05-26,124.065,126.0,123.29,125.43,125.43,25169036,GOOG
2023-05-26,252.93,262.3107,252.71,262.04,262.04,25768663,META
2023-05-26,173.32,175.77,173.11,175.43,175.43,54834975,AAPL
2023-05-26,324.02,333.4,323.88,332.89,332.89,36630633,MSFT
2023-05-26,116.04,121.5,116.02,120.11,120.11,96779889,AMZN
2023-05-30,265.25,268.65,261.29,262.52,262.52,23816483,META
2023-05-30,176.96,178.99,176.57,177.3,177.3,55964401,AAPL
2023-05-30,122.37,122.92,119.855,121.66,121.66,64314808,AMZN
2023-05-30,335.23,335.74,330.52,331.21,331.21,29503070,MSFT
2023-05-30,126.29,126.38,122.89,124.64,124.64,27230726,GOOG
2023-05-31,177.325,179.35,176.76,177.25,177.25,99313268,AAPL
2023-05-31,123.7,124.9,123.1,123.37,123.37,41478777,GOOG
2023-05-31,121.45,122.04,119.17,120.58,120.58,71769273,AMZN
2023-05-31,260.0,265.0,258.45,264.72,264.72,25361238,META
2023-05-31,332.29,335.94,327.33,328.39,328.39,45546858,MSFT
2023-06-01,123.5,125.04,123.3,124.37,124.37,25017674,GOOG
2023-06-01,265.9,274.0,265.89,272.61,272.61,25609508,META
2023-06-01,325.93,333.53,324.72,332.58,332.58,26773851,MSFT
2023-06-01,120.69,123.49,119.93,122.77,122.77,54375131,AMZN
2023-06-01,177.7,180.12,176.9306,180.09,180.09,68901809,AAPL
2023-06-02,334.247,337.5,332.55,335.4,335.4,25873769,MSFT
2023-06-02,181.03,181.78,179.26,180.95,180.95,61996913,AAPL
2023-06-02,124.49,126.745,124.35,125.23,125.23,19367453,GOOG
2023-06-02,124.92,126.39,124.015,124.25,124.25,61264414,AMZN
2023-06-02,272.66,275.35,271.12,272.61,272.61,19416930,META
2023-06-05,270.3,275.57,269.56,271.39,271.39,20742946,META
2023-06-05,123.36,125.8,123.03,125.3,125.3,47950128,AMZN
2023-06-05,335.22,338.5599,334.6601,335.94,335.94,21307053,MSFT
2023-06-05,124.61,127.99,124.38,126.63,126.63,22672516,GOOG
2023-06-05,182.63,184.951,178.035,179.58,179.58,121946497,AAPL
2023-06-06,270.14,276.57,269.69,271.12,271.12,19419010,META
2023-06-06,335.33,335.37,332.17,333.68,333.68,20396223,MSFT
2023-06-06,125.07,127.4,125.0,126.61,126.61,45695212,AMZN
2023-06-06,126.6,128.88,125.97,127.91,127.91,19450128,GOOG
2023-06-06,179.965,180.12,177.43,179.21,179.21,64848374,AAPL
2023-06-07,271.67,274.25,262.8,263.6,263.6,26163627,META
2023-06-07,331.65,334.49,322.5,323.38,323.38,40717129,MSFT
2023-06-07,127.575,129.55,122.63,122.94,122.94,34179348,GOOG
2023-06-07,178.44,181.21,177.32,177.82,177.82,61944615,AAPL
2023-06-07,127.01,127.365,120.63,121.23,121.23,95663275,AMZN
2023-06-08,122.585,123.73,122.01,122.67,122.67,24814996,GOOG
2023-06-08,177.895,180.84,177.46,180.57,180.57,50214881,AAPL
2023-06-08,260.62,267.65,258.88,264.58,264.58,20899359,META
2023-06-08,123.01,125.625,122.2579,124.25,124.25,62159270,AMZN
2023-06-08,323.935,326.64,323.35,325.26,325.26,23277708,MSFT
2023-06-09,122.56,124.285,122.42,122.87,122.87,20313676,GOOG
2023-06-09,181.5,182.23,180.63,180.96,180.96,48899973,AAPL
2023-06-09,262.48,267.949,261.7,264.95,264.95,16949794,META
2023-06-09,124.08,125.8,123.19,123.43,123.43,51396018,AMZN
2023-06-09,324.99,329.99,324.41,326.79,326.79,22528950,MSFT
2023-06-12,181.27,183.89,180.97,183.79,183.79,54754995,AAPL
2023-06-12,328.58,332.0999,325.16,331.85,331.85,24306753,MSFT
2023-06-12,267.17,271.75,265.33,271.05,271.05,15471702,META
2023-06-12,124.02,126.78,123.53,126.57,126.57,51473376,AMZN
2023-06-12,123.395,124.75,122.35,124.35,124.35,22289632,GOOG
2023-06-13,274.88,275.72,269.0923,271.32,271.32,16164024,META
2023-06-13,128.12,128.41,125.18,126.66,126.66,50564785,AMZN
2023-06-13,334.465,336.98,330.39,334.29,334.29,22951279,MSFT
2023-06-13,182.8,184.15,182.44,183.31,183.31,54929129,AAPL
2023-06-13,125.65,125.86,123.845,124.43,124.43,19287650,GOOG
2023-06-14,334.34,339.04,332.81,337.34,337.34,26003791,MSFT
2023-06-14,123.8,124.79,122.16,124.38,124.38,24659620,GOOG
2023-06-14,271.89,274.99,268.315,273.35,273.35,19175066,META
2023-06-14,126.7,126.95,124.12,126.42,126.42,52422463,AMZN
2023-06-14,183.37,184.39,182.02,183.95,183.95,57462882,AAPL
2023-06-15,123.88,126.16,123.14,125.79,125.79,24517071,GOOG
2023-06-15,183.96,186.52,183.78,186.01,186.01,65433166,AAPL
2023-06-15,337.48,349.84,337.2,348.1,348.1,38899075,MSFT
2023-06-15,272.3,283.99,271.42,281.83,281.83,25973455,META
2023-06-15,125.21,127.69,124.32,127.11,127.11,60458471,AMZN
2023-06-16,186.73,186.99,184.27,184.92,184.92,101256225,AAPL
2023-06-16,351.32,351.47,341.95,342.33,342.33,46551985,MSFT
2023-06-16,126.7,126.7,123.79,124.06,124.06,56699200,GOOG
2023-06-16,284.75,287.85,280.13,281.0,281.0,43127731,META
2023-06-16,127.71,127.9,125.3,125.49,125.49,84247104,AMZN
2023-06-20,124.86,127.25,124.5,125.78,125.78,56855478,AMZN
2023-06-20,339.27,342.07,335.86,338.05,338.05,26350198,MSFT
2023-06-20,123.5,125.175,122.83,123.85,123.85,22666024,GOOG
2023-06-20,278.73,284.8,276.22,284.33,284.33,20676920,META
2023-06-20,184.69,186.1,184.445,185.01,185.01,49751021,AAPL
